{
    "access_Token": "",
    "card_Id": "-1",
    "current_Activity_Data": "",
    "email_To": "",
    "home_location": "44.8:-93.3",
    "home_Radius": 30,
    "interConnector_Server": "",
    "language": "EN",
    "previous_language": "EN",
    "mic_Mode_Continues": false,
    "mic_State": false,
    "my_Name": "Guest",
    "nn_model_URL": [{"LocalIntent": "http://256gl.com/nnod/models/index.html?intent=LocalIntent&stack_id=5&session_id="},
                    {"HealthIntent": "http://256gl.com/nnod/models/index.html?intent=HealthIntent&stack_id=2&session_id="},
                    {"ShoppingIntent": "http://256gl.com/nnod/models/index.html?intent=ShoppingIntent&stack_id=3&session_id="},
                    {"GroceriesIntent": "http://256gl.com/nnod/models/index.html?intent=GroceriesIntent&stack_id=4&session_id="}],
    "poi_location": "44.810424:-93.378355",
    "poi_Radius": 30,
    "session": "Chat",
    "session_Index": 0,
    "shortcut_ActivityType": "",
    "sms_To": "",
    "speaker_State": false,
    "user_Id": "-1",
    "web_State": true,
    "web_URL": "",
    "ws_Server": "ws://256gl.com:55438",
    "ws_Client_Id": "",
    "ws_Session_Id": "",
    "ws_State": false,
    "auto_save": false,
    "log": false,
    "chat_Labels_Data": ["people", "interesting"],
    "health_Labels_Data": ["general", "heart", "ear","nose", "throat", "abdominal", "pain", "heartbeat","skin",
        "abnormal", "eye", "problem", "depressed", "lungs", "urology",  "bloodpressure", "temperature", "oral", "history"],
    "notes_Labels_Data": ["ideas", "notes"],
    "shopping_Labels_Data": ["grocery", "shopping", "like", "dislike"]
}
